1.960747036638606611e+00,-1.142468572989484343e+00
1.972291372059502557e+00,-8.349227961661145891e-02
9.014012456649700411e-01,7.426176784118775354e-01
1.466183356672074445e-01,5.402254088766020867e-01
-3.048067682343157614e+00,1.332151658155919793e-01
-1.644274096340984981e+00,-1.365690063323318770e-01
6.400554851298494441e-01,-2.297344260995119736e-01
-2.765531576670840597e+00,3.503356625678447078e-01
2.590656437938035683e+00,-6.577618357365590251e-02
4.389621079565741296e-02,3.484710897114452477e-01
6.244096232670863778e-01,8.922360537424600668e-01
-5.053730878392508341e-01,2.088432908851833303e-01
-1.414546762394979895e+00,9.689287741918269081e-02
1.937690095122421852e-01,-4.425247034123522966e-02
-2.531123621992432238e+00,-5.504487350963555709e-02
-2.460903082415593079e+00,-3.920967601834196570e-01
1.161828906074277690e+00,4.646163868642289030e-01
2.836748213132131102e+00,3.882276385833549059e-01
4.666618534585218470e-01,7.551863689468318874e-01
-1.243271679834977883e+00,-4.168165661873315248e-02
1.344763959674544873e+00,2.747764194249659869e-02
6.757392871131409073e-01,1.003088995857644550e+00
3.686726664260179920e+00,-4.154829151182261593e-01
-2.242985872366622058e+00,-4.899809932201885654e-01
-2.563928478438786129e+00,1.848176960448114359e-01
-8.008250318096028497e-01,1.185649049615093015e-01
-2.581633273359198899e+00,-3.392683408845086346e-01
2.967090743867111691e+00,-4.444675960351521238e-01
8.381080610741195036e-01,-5.747642674511858063e-01
-1.070575109033494954e+00,-2.903546466496855216e-01
-3.815231897932374605e-01,-2.582189496954573338e-01
1.058777914130047737e+00,-3.189571503743039438e-01
7.027785397678628643e-01,-6.184404242070250524e-01
1.699863251294297051e+00,2.170855352898992119e-01
-5.533429031494407901e-01,-5.034919025862497621e-01
-8.687318966690181499e-02,7.513942273723803744e-01
9.338115872810234253e-01,2.042772641468188627e-02
3.155017729342784349e+00,1.703649066514131283e-01
-9.194312770856093442e-01,1.710149563499953618e-01
-3.409863076669015225e-01,-2.221001647711375038e-01
-3.335414109332607957e+00,-8.105218835058940474e-01
-1.212450731525909875e+00,6.813258363880133478e-03
1.596210975865488102e+00,3.725402056052239952e-01
7.696865024654410137e-01,8.014550639257546072e-01
-1.309874324363812903e+00,-2.555620915313050120e-02
-3.683545989905370743e-01,-6.403944864444800489e-01
4.281829607382857394e-02,7.026900826834870939e-01
2.974394421762932339e+00,4.545505139246802107e-01
-1.083634489209992724e+00,-2.249036493277689064e-01
-4.339580979320465381e-01,-3.941252981914342701e-01
-3.818375583205424029e+00,4.140725947226672199e-01
-1.030891762758057162e+00,5.735628621791212245e-01
7.332177685217010632e-01,1.707603625059453678e-01
-3.426194026715304819e+00,3.416636006341808307e-01
4.118747755650338682e+00,-4.287538283535684003e-01
-1.481220927012215194e+00,7.798673649590501800e-01
-6.868094048489947756e-01,5.374573296451772286e-01
-3.848869831616265613e-01,-2.560934227676462394e-01
7.830806349278342238e-02,1.259684166470944888e-01
1.374547199369498873e+00,-1.184071800519487239e-02
1.056935050590152469e+00,-9.679515469745599010e-02
-2.410298265502572868e+00,-5.726977139726221466e-01
3.641621013223752090e+00,2.948517778324687977e-01
2.124744043785636638e+00,-5.666705535144697103e-01
1.628932675086448789e+00,5.711774322498617273e-01
2.151306275362422582e+00,2.940120015419361854e-01
-2.642497295413027025e+00,-8.845970361924675174e-02
-1.872951100663528434e+00,-3.542073236831100869e-01
-2.964892879471960896e+00,4.141022277097098359e-01
-1.402689309001727835e+00,-8.808319161042897916e-01
-2.088327679980679363e+00,2.620087604748355115e-01
1.754108586142945070e+00,-2.484146851683895207e-01
5.878874300309371304e-01,-8.881208602174157918e-02
1.364663255565029543e+00,8.086487947077058980e-02
2.246694727808011383e+00,-1.285846607887556614e-01
2.702869186901132981e+00,5.605595688039560764e-02
2.839976283455506234e+00,-1.776513858923932376e-01
-1.207416148113864995e+00,-1.185792916781614886e-01
1.085987229226478279e+00,-2.101499437374413082e-01
-3.683559555768989302e+00,-6.332833100134607207e-01
-1.943094833709351210e+00,-2.275214552560539671e-01
-1.109067248061257560e+00,1.025162688160990099e+00
6.844296287411646418e-01,2.435807151812222904e-01
2.104167907168157381e+00,-4.840708738324012717e-01
-2.445623365478176492e+00,-1.460299746088807860e-01
5.771845964939935625e-01,4.808263629942596262e-01
-9.213739186182404728e-01,-6.227668471501081049e-01
-3.597787713729819203e-01,6.823051195228279076e-01
-6.047139139280801462e-02,5.360120215524784015e-01
2.900302359576445443e+00,-1.043350899964825773e+00
-4.326065377200630918e-02,-2.603549542354555713e-01
1.032227579624518610e+00,-6.807552144499000590e-01
-2.533668022800166675e+00,7.762109640740092464e-01
1.758032906349169977e+00,-3.128344520973478371e-01
-3.492276889207712731e-02,1.312029646512173242e+00
2.375680449198291022e+00,5.148290542385540458e-02
-4.876354387243080901e-01,-3.468264636823881197e-02
-2.317412629378392097e+00,2.266966310662931194e-01
-1.340093686184293587e+00,-2.149844316936786182e-01
2.832999585350918004e+00,8.385138408905083995e-01
4.277589230417461197e-01,5.382397885425957984e-01
-8.750397408600482096e-01,-5.533691718657236525e-01
3.305135808168666145e+00,-3.950073088749489481e-01
-2.640142679036687756e+00,6.660808963975399788e-01
-1.529974751272900502e+00,-3.711861621955280244e-01
-2.146653656754248907e+00,5.579472210899496520e-01
-1.538484338951922714e+00,-3.677497757864209293e-01
-1.258106554439165636e+00,7.075872555016719800e-02
-3.307317321188141812e-01,-3.456311575714549056e-01
-2.281105785913365658e+00,1.941791800771859311e-01
2.036079931741360038e+00,2.132979762764642961e-01
3.367276799765468454e-01,-4.250410094729993316e-01
1.394989760066064122e+00,-1.404351586635641080e+00
-1.280759924616936996e+00,-3.412558474201057845e-01
-1.111318400732885348e+00,5.884796549559907497e-01
9.241874735019484088e-01,-3.629879849676185821e-01
-9.374925904593335302e-01,-3.470423955503905145e-01
3.199092310694351959e-01,3.590004139292390928e-02
1.557265031609281758e-01,3.191272047546909740e-01
-1.885811889908698191e+00,-3.071427651870305975e-01
4.043192281047876868e+00,-6.235347048355671662e-01
4.598396290268627062e+00,-2.980972428155652665e-01
-1.050788256859897851e+00,3.408438813407047019e-01
1.581689095946796852e+00,-8.178482882962737621e-01
4.719438893673991942e+00,3.674770514809873045e-01
1.272408133537398012e+00,-3.877243657053411341e-02
-6.936362876554937884e-01,6.340969651745909097e-01
-1.360343798346966393e+00,5.623687786805386252e-02
-2.120276863024450620e+00,-1.035321975946510431e+00
2.990260782156717867e-01,-6.030227117517945601e-01
8.893970576512513215e-01,1.292188246440438393e+00
-1.428620376127715641e+00,2.624388333935820383e-01
-4.077267811653759733e-01,1.712397247306090275e-01
1.292520633145118447e+00,-3.269329977308021995e-02
-4.835270320966945645e-01,1.353315236538041311e-01
6.445982803334475431e-02,2.223499942596297504e-02
-6.567981468663072198e-01,-1.732676058874553782e-01
1.741502328942667210e+00,-1.012721074161953672e+00
-1.205507454606808970e+00,-2.357205500697949763e-01
-3.088302772591574374e+00,4.131951211372892341e-01
-1.581076357133293975e+00,-4.416794277768197885e-01
-2.095826391264171029e+00,-1.039632983195528881e+00
-2.738032734430603243e-01,3.801550314505895423e-01
5.731746017035955765e-01,1.004441460941741388e-01
-3.913969995693327153e+00,2.187351979023566956e-02
-2.686389481960463677e+00,2.891490048109632630e-02
1.404344641810762573e+00,2.033251032373173672e-01
4.836430542908861652e-01,8.139691218963019947e-01
-5.709583025895716979e-01,2.052918557449697201e-01
-3.101783414141053852e-01,-1.990919717559793689e-01
1.977516423899793596e-01,-3.074772191575810276e-01
-6.740708902331843388e-01,-7.627404923085990829e-01
-1.535258648754481259e+00,3.964338186993523472e-01
4.163259536075857525e+00,-4.074771158619538980e-01
-2.009502596633907512e-01,2.548363503097167970e-01
-4.013960835855400866e+00,1.233641158873001853e+00
-1.033178986138485245e+00,-5.374531462771506840e-01
2.140621315207857034e+00,7.402367936419511629e-01
-1.896030194817401204e+00,2.622588087845777530e-02
-6.366420944896414857e-01,-3.117446101095665556e-01
8.113854516873199030e-01,2.428152945608786917e-01
3.837974331141771778e+00,1.610070286066063450e-01
-1.323080343268306924e-01,-7.893981268343257529e-01
-3.724770819466360350e-01,1.727699482314168089e-01
1.677428418928257337e+00,3.193770613457040664e-02
-2.473973642810971096e+00,-3.573682760024083360e-01
1.407209873034514613e+00,-9.021125546128713757e-02
3.873403455504913939e+00,2.716049741508667625e-01
1.777937114360526927e+00,3.922073155155432200e-01
1.460794830418733925e+00,-2.745672689699422686e-01
1.734446547516013126e+00,6.423551488740752990e-01
-1.087712189781093880e-01,-4.730566990271136696e-01
2.899408208485538263e-01,-1.865883167559134748e-01
-3.865175298315658203e+00,2.565637857656248855e-01
1.023309263306331651e+00,-4.765272012469885521e-01
-8.000914289037405203e-01,-9.074303764904446679e-01
-1.162965195074708857e-01,-7.708788962178388104e-02
-1.647351226179498918e+00,6.913847288872847496e-01
-6.931842076274572495e-01,-3.571730609398667267e-01
9.750057607617284017e-01,8.616459504646617473e-02
-2.424792242290378930e+00,-3.095954550869892130e-01
-5.222183528043099487e-01,6.972638272756415123e-02
9.515404761531207622e-01,4.100244771406459376e-01
7.350951733573466429e-01,-3.867434167856381722e-02
-6.052588984441964470e-01,-8.971826454169299359e-01
-1.937013436233903652e-01,6.556994435214592576e-01
-4.971964287229815760e+00,3.956657064674774515e-01
-5.990826097796012606e-01,5.079467053438725399e-01
-6.402026626762282735e-01,-3.552824468191189550e-02
2.317105441902143070e-01,-3.013550329071782441e-01
-1.648810270276130918e-01,2.195894766900383685e-04
-8.183647953704669131e-01,2.085221826549125690e-01
-1.541954285432734606e+00,6.801098473005477880e-03
-3.788615444356062678e+00,3.598940661018514287e-01
1.234193173188563808e+00,4.792380785913924468e-02
7.058017379921065482e-01,1.784917155943006040e-01
-3.900464690221577158e+00,-6.247936116935546291e-01
4.979801204939396375e-01,6.730648372301104576e-01
5.544485656969806442e-01,1.100161569957684549e+00
-5.000441512410378486e-01,-2.998383121550737274e-01
-2.077973770139646473e-02,-1.562411329462134180e-01
1.516283189424167510e+00,-1.833418556396829158e-01
-9.529575521129066695e-01,3.025871829424662818e-01
6.228851355097635434e-01,3.666943201490354132e-01
2.373927095904312612e+00,4.492953107009012986e-02
8.714496767371078534e-02,1.989361623628490838e-01
-1.731674947432375156e+00,-1.790551459055175765e-01
1.916213143368053484e-01,7.780124758935712537e-01
8.864161154797991493e-01,8.694100027764090077e-01
-1.996795170131190567e+00,-1.629195278585194862e-01
2.719708000745459618e-03,1.035299755471540406e-01
-1.352604205942030235e+00,-7.512100642973187914e-02
-2.603630013632817430e+00,-1.210665635504127424e+00
-1.297918520231512440e+00,1.672657923513478917e-01
-8.189418136317413444e-01,-8.119959686080796546e-01
3.570064074186261593e-01,5.845330299569719834e-01
6.940594534491830725e-01,5.193832341562901744e-01
-4.570640806665763334e-01,-2.572129262052370580e-01
1.867102603428840935e+00,4.332617468549170292e-01
6.403532565338834193e-01,4.376540304776845303e-01
8.984906249899958786e-01,-3.512603176437257280e-01
3.719859912160923709e+00,3.138091079777438619e-01
-5.162539311502657435e-01,3.650183970946750400e-01
-6.171703721216058591e-01,-3.320279204522807448e-01
-1.530461087246112628e+00,7.952419490734228269e-01
1.504808735307563650e+00,-7.347779998907086885e-01
-3.177339941139156188e-01,-1.158658608107641930e-01
1.823952674488018566e+00,-1.897671760077754843e-01
5.662719853794386804e-01,-3.771631698069356498e-01
2.919108810802735210e-01,6.709379636234412692e-01
1.257719783276687098e+00,-5.490786881196683122e-01
-4.601535985349862301e+00,-5.334813104624962221e-02
4.008917932824547781e-01,-1.104477607118111576e-01
5.036734860744375375e+00,-5.194897566095127983e-01
1.974491970476081715e+00,-6.026453319652943508e-01
-4.016139823188060731e-01,3.520275444096392092e-02
-1.905208901210246886e+00,2.488967744806102056e-01
3.686193371686405929e-01,-5.901650234325478417e-01
-7.339351804631089049e-02,5.065626888213670131e-01
1.877468132323380390e+00,1.945074114620281569e-01
4.047229323978360771e-01,-1.124629430392679597e+00
-2.989120392308123986e+00,5.108371596391629854e-01
-3.340411642671207992e-02,6.344225878993966505e-01
9.322951837911124251e-01,-2.035053091226652344e-01
-1.221403881221799992e+00,2.584305886502135108e-01
-6.731188000794673387e-01,-1.635232656305625476e-01
-4.983289649510895258e-01,-4.371459988330504420e-01
-3.553253315734298479e+00,7.401885383118629314e-01
-2.206121407420477354e+00,1.303224564159912446e-01
4.674591229968259931e+00,-1.021256741101868926e+00
-4.385077753034417825e+00,-7.269704347784562704e-02
1.744239638882532306e+00,-1.049639127097222513e+00
1.861854104093278339e+00,6.118571123181175686e-01
2.536988856737941722e-01,9.801183543577021706e-02
-2.919953347706719882e+00,4.257606861716097257e-01
-1.941517991573942226e+00,-2.175360864525927307e-01
-1.801289629124637470e-01,-4.613204444419363170e-01
-3.949901925277615744e-01,2.231021775865063214e-02
1.767968615251051867e+00,2.402730139477320948e-01
-2.922162776054627598e-01,-5.611278555303447213e-01
-3.230568827354289407e+00,-5.038880681660754535e-01
3.720967652132949333e-01,2.003535622548797135e-01
-6.202706006870901678e-01,3.011499081642006193e-01
-7.502684552803765561e-01,2.674365313666969834e-01
6.775291742771287762e-01,4.313638621281487562e-01
1.095817406572987762e+00,1.878416233523424184e-01
2.286528301869857616e-01,6.167025795917243647e-01
1.501537095820565604e+00,3.953262084501619755e-01
1.321232102334489511e+00,-5.719724274326062341e-01
-2.557566118348245432e+00,-4.836422628264587242e-01
-1.298040809235099013e+00,-3.385764858139385380e-03
-1.685310798096645746e+00,6.597072806089031571e-01
1.268908160546850628e+00,-2.436031982721587885e-01
4.926442866939723109e-01,7.834507283752735474e-02
-2.918751275504288145e+00,-2.191368585384274592e-01
1.328836838846218393e+00,-6.397659833031912324e-01
-4.937418579689519804e-01,3.757441279056989991e-01
-1.605625899668582601e+00,2.759553075262348165e-01
-4.068322858836553202e+00,8.367240072594178679e-01
9.936055781032590573e-02,-7.926522455984920112e-01
1.891948234757193648e+00,-5.775842586896506869e-01
-3.681288869378786188e+00,-1.437685121846435932e-01
7.870625431218698509e-01,-1.218445867995670978e-01
1.452131809397106732e+00,6.244351007125594766e-01
2.888249641597000039e+00,4.210060491369496671e-01
4.708057246599892109e-01,4.257038953327203779e-02
6.473253960410653152e-01,-3.414347628378088806e-01
-6.646794518422448617e-01,-3.099412687657044363e-01
9.942760186258883248e-01,-4.292131157567306010e-01
2.956729391400737761e+00,-2.314341733470025031e-01
-9.694831762095291738e-01,-5.022134120470804763e-01
2.695632969867761464e+00,-1.661520297187452644e-01
-1.321173736551045419e+00,5.835552829906034966e-02
4.131171419407217549e+00,1.222733664389635377e+00
-9.155349034404185460e-01,1.094757661742858101e-01
-1.210564880906275231e+00,-8.825302820840573714e-01
1.171917469920632726e+00,-1.150625759416359778e-01
-3.213784205463681598e+00,-4.939496084082398153e-01
2.478456007091674351e+00,1.038408945673253425e-01
-3.009644501950131112e-01,-4.795131739535309773e-02
2.368192735919734115e+00,5.512783946420699577e-01
-2.100313136099174027e+00,-2.427749008077152160e-01
1.260901419226974740e+00,6.165407385544833252e-01
2.719735083604211609e-02,6.573259655860002049e-01
2.011383639060452033e+00,4.567040803956190498e-01
-2.706473654877937562e+00,-7.752843646831093782e-02
3.615770295500471132e-01,5.790327528971219717e-01
2.403148139227989866e+00,5.683609215758077260e-02
-3.854806168664090205e+00,-2.529351968287751884e-01
-7.179505445543328257e-01,-3.768649787347519431e-01
-3.411136198622616300e-01,-3.297655778227614465e-01
2.824781750702535010e+00,-7.785929211693126684e-01
-7.188457268776516917e-01,6.644988087448951974e-01
-4.687949621914794807e-01,2.050931202449241542e-01
-1.493378568774766657e-01,-6.921338813860477002e-01
3.217854365576765296e+00,6.533668001198369435e-01
-1.415664223477992589e+00,9.697957514573962712e-01
-1.192420650185980868e+00,-1.999971374455598028e-01
-4.601633629367158029e+00,-1.793772980865419309e-01
-2.325391733292403451e+00,8.414771571155051921e-01
1.194941511370048115e+00,1.420445577248279773e-02
3.240858575250866291e+00,2.472217640578660558e-01
1.065227817693354395e-01,-1.317348254011664999e+00
-1.717038885398468606e+00,5.228360335338734233e-01
1.329017806791223055e+00,-4.388597435463468810e-01
-2.848009811547072556e-01,-2.782983104927092000e-01
8.220466826370379509e-01,7.523876738941859266e-02
-2.931152862857180796e+00,4.820763661079322526e-01
-2.265259299840115606e-02,-4.146057570036010276e-02
1.921521418745536502e+00,1.059616624023596299e-01
-1.033740088936125900e+00,-3.952555783752287888e-01
-2.368117463773711240e+00,-1.245140061785252189e-01
-2.533267900189661415e+00,-2.325066893843640292e-01
-1.499792476666220953e+00,2.632490065413133906e-01
-1.766883018635047931e+00,-2.142101225934261652e-02
-2.864282957511972594e+00,-2.340360249490675282e-01
5.401469020111738795e-01,1.765077988950133903e-01
-2.685661924826084235e+00,3.606291360877796337e-01
1.400260733632093579e+00,6.025351626073108813e-01
3.151336699715759693e+00,-1.057235712386998122e-01
-5.633989222712630640e-02,-6.555975967353598888e-01
-5.395618290536664752e+00,8.260416356514239944e-02
-1.409994516868038561e+00,2.413383877226234209e-01
-5.021515564426499711e-01,-1.163815559298481961e-01
-2.927688325900978938e+00,5.468895601250646221e-01
2.448310080768067998e+00,8.418390702941090653e-02
2.722909731068564598e-01,-6.270485862557169110e-01
-8.172147519405899008e-01,3.250815648625077769e-01
-7.564796427504556497e-01,-4.916196077233052075e-01
-5.695745155789986303e-01,-7.843718694796150137e-01
1.779495269158471726e-01,6.700902680577266318e-03
3.314623203757609993e+00,-5.915966294958947547e-01
3.196728958121641262e-01,1.732064135382518633e-01
2.341705407397041971e-01,-2.967278430560300051e-01
-9.796194545655458885e-01,3.284921155069083776e-01
1.702626714447110334e+00,4.982746730382084377e-01
3.472044602361932686e+00,-4.044812428325738618e-01
-1.376152160532841284e+00,4.167260137033113043e-01
3.789320618521079265e+00,-8.417533717169421725e-02
8.508349108824905249e-01,5.789196822449326207e-01
1.495670562894636735e+00,4.411461784358360894e-01
-2.572646847140495074e-01,-1.504939538694966515e-02
3.007348205714979184e+00,1.641392847480417083e-01
6.200682274205212563e-01,4.533578382204216939e-01
6.301376994678540289e-01,2.525448483280499090e-01
2.266256745467785105e+00,2.622548744848378077e-01
-1.518239226931803021e+00,-3.908106612735396390e-01
-1.541626841460652653e-01,-3.043900983269566818e-01
1.189677518941717693e+00,-3.779794174490231917e-01
-1.020161133713444607e-01,2.842719181396810013e-01
6.310885124282634706e-01,2.257699550116610276e-01
1.305215656043803851e-01,-6.676917128912776001e-01
1.067228057827922516e+00,7.661984660554144178e-02
1.521102705697313096e-01,-9.477420361245889602e-01
9.868196760673892953e-01,1.005541830122116398e-01
8.859355085590560064e-01,-1.110921372652568517e-01
-1.241029118760929251e+00,-7.720996196875224982e-01
2.971824433374831376e+00,-2.551747136308689101e-01
1.702924015062207141e+00,-2.095394755598630754e-01
2.331874680445459980e+00,8.516205261917710878e-01
-1.159300155128717869e+00,8.487184700134411952e-02
-2.597105288197492090e-01,8.871567392307028177e-02
-5.665945721215078779e-01,9.302645956271850258e-02
1.347376951120648370e+00,-1.367188279070730705e-01
-2.776405084723674310e+00,-1.884256666673030101e-01
7.243161244178627500e-01,-4.631051003474283556e-01
-8.082411307585835036e-01,-1.688939341937986394e-01
4.839803394149696736e+00,1.535773948756961535e-02
-3.101205867663993018e-02,-4.530676908386168655e-01
-5.806423289250699504e+00,1.266492018060969282e-01
1.619292650798523692e+00,-1.921438507786135952e-01
2.026738535990617152e+00,-9.485997346944036179e-02
-3.458118867880284886e-01,2.525205288579249543e-02
-1.410541420385352129e+00,5.129049116827346655e-01
-2.064756726389365693e-01,9.713825822498599605e-01
-2.681095787135400865e+00,-4.634821346537549291e-01
3.422174540364398276e-01,-2.927152834154889693e-01
1.196631011470489003e+00,9.462964038851006121e-01
1.155542063155406307e+00,-4.737128338395007465e-01
7.006264692774487601e-01,3.398111069246208260e-02
-1.716297974720387698e+00,-1.749825458861672955e-02
-8.289996690542394964e-01,-4.038866326917417982e-01
-5.731057953659334236e-01,1.978245571175067385e-01
-1.660108854829412062e+00,-8.418576219635497127e-02
-6.760682644866198299e-01,-4.330321151462199758e-01
1.401184365452301073e+00,-4.348058128656616117e-01
-3.715848515727505630e-01,-5.861820801558634830e-01
-3.893386468717592863e-01,-1.431236787388461273e-01
-2.291391423873996303e+00,-5.405602443169662541e-01
4.266717159788063207e-01,-1.259339824961118806e-02
2.990832312348843391e-01,6.872641709248005215e-01
3.152007378776989777e-01,1.231575104123949105e+00
1.226268375449556691e+00,1.079880932644135427e+00
-1.740265180469186879e+00,-1.527516183224561230e-01
-1.960310149715682737e-02,-7.492696832288330278e-01
1.474193361759025711e+00,3.984579532742573149e-01
-6.111032029059413340e-01,7.103167997470379857e-01
-4.192974711208324878e-01,-8.493897896108771883e-01
-1.859455346534520714e+00,1.890627689834527281e-01
-1.112403899130830265e+00,-5.652319949127090348e-01
2.290457005502575805e-01,-4.663249880942944847e-03
-6.362049851055703309e-01,4.274932517457165626e-01
-1.228641030587879435e+00,7.275841253188639612e-01
-2.142800865440219305e+00,5.101397490532985080e-01
-2.035321721111304605e+00,-6.303990201382272396e-01
-3.473206691975498916e+00,-2.036597612339059379e-02
-1.849262293460580964e-01,3.290494463854574253e-02
2.607090722946872607e-01,-1.500245589634311705e-01
-1.262514212143676096e+00,-1.261664942172524475e-03
-1.014467167162686145e+00,1.543625513044938891e-01
-3.867029631649825383e+00,-3.925086320365203107e-01
1.959873486220579553e+00,-3.164275528465846365e-01
1.857664544062603840e+00,-6.709780200476712919e-02
-5.628149715575582412e+00,5.372338787852090625e-02
-2.726779792504941194e-02,-8.203419451258896211e-02
-3.086249560931268121e+00,3.416339430371307523e-02
-1.829290194754165544e+00,-2.049473949755998281e-01
4.290882807504797780e-01,1.534015585468964382e-01
3.821434800728898296e+00,-4.152201625452860423e-01
-4.694552726877700144e-02,-1.031254423568252060e-01
2.020982704699093024e-01,2.757037276505939771e-01
-2.513576541749433346e+00,-1.137659905635242732e-02
4.133373933911128617e+00,-3.109803240027611548e-01
-2.343166263539577354e+00,-8.874819656885609698e-01
4.064277086794073623e-01,1.136301105992278404e-01
-1.766886275065553846e+00,7.016433959305725873e-03
-3.670061692742533577e+00,9.695202118489089083e-01
2.432249281087367265e+00,-3.612221540449037649e-01
-1.492333587162249398e+00,1.148613221817051944e+00
6.124443944078556967e-01,-3.962032639202639483e-01
7.110194717416292720e-01,-2.029576513799534743e-01
9.530502454074561980e-01,-3.317863160435077230e-01
1.685779812596872596e+00,1.059534197765089170e+00
4.238040451452725677e+00,5.197497120900165246e-01
-3.878169007140972457e+00,-7.510115211054476658e-01
-6.061341498207081235e-01,3.286532846040242095e-01
4.192361703313418175e+00,-8.825935757026935613e-02
-3.373740355684097025e+00,-6.699800482965045934e-02
-1.834860582494023618e+00,-2.402425356426007852e-01
-2.430098039315319869e-01,1.851320842828371172e-01
-5.388843243469227939e-01,-8.218488889133380715e-01
-1.602335032752420174e+00,-3.811053171837332221e-02
1.989125471813003310e-01,-2.815968195334341839e-01
-3.457474829008056957e-03,-3.993151254097024316e-01
-2.581464070660066223e+00,-4.079971842261839177e-01
-2.734326020644447297e+00,4.873608065922749311e-01
-5.985687310386615501e+00,5.199092516253019935e-01
-4.159850873652827519e-02,6.553646359873825829e-03
-6.889281602368003687e-01,1.509743650465213416e-01
-2.111607661411707415e-01,3.923774428945463466e-01
-4.327671321002634630e-01,-6.873884341401055587e-02
-1.631258687025824161e-01,-3.756663822218326287e-01
-1.606994498049945541e+00,-7.204667879778225981e-02
-3.007118889510900228e+00,2.324816323528762774e-01
-1.063166938737693412e+00,-1.232506594082439094e-01
-2.790961977447733666e+00,-2.364426743818794086e-03
6.070890927318692842e-01,9.856880812980069184e-02
-1.860526911295880215e+00,-7.569617562972821290e-01
-1.953117726438111657e+00,1.340052215138068936e-01
-1.123300938920405168e+00,1.109491836599452302e-01
7.611336848040195502e-01,2.184325852088687125e-01
-2.219048157055357184e-01,-2.731014306896531116e-02
1.223057536947250945e+00,-7.121115080148889831e-01
3.644545980181907119e+00,2.321036798610683072e-02
-8.288193492952046215e-01,4.640369004195430969e-01
2.767659323394358606e-01,1.233777206842750079e-01
-2.462295955282999049e+00,4.412407803491062985e-01
-3.398938803454523150e+00,-7.342368949765105263e-03
-3.139833872288738892e+00,8.727750498686273617e-02
3.951078090844541979e-01,7.480093219826469686e-02
-7.476775349865241171e-01,4.495496393319398098e-01
-5.310267524762321001e-01,-2.451393086608686100e-01
5.801137528678876332e-02,-1.914610798665948854e-01
3.264554539236053543e+00,4.521776188048804435e-01
1.822931020981609418e+00,7.736698220790086955e-01
-1.951904123439171412e+00,4.817749722438331994e-01
2.750369971966683202e+00,6.537391371806898777e-01
-1.114779931936718427e+00,-3.441243674075512848e-02
-2.239804170440951481e+00,-5.300557362711391107e-01
1.288583217753113352e+00,-8.823839952431347319e-03
2.333018429636712465e+00,-1.147894410033866719e-01
1.531929591886052933e+00,-1.593432397858328409e-01
1.300305229175072741e+00,1.414886228247558830e-01
2.282293816828171895e+00,-6.419806369098323140e-01
-6.092851929593360305e-01,-7.327541053580389763e-01
-1.965908459149475984e+00,-8.857829649802642091e-01
1.953630582661851189e+00,-1.566590790121515919e-01
1.328100658200079554e-01,-3.932148568528401888e-01
2.666308535543824298e+00,3.230058730290467639e-01
2.437686808155549389e+00,-8.010144150778498728e-01
3.414426175487415893e+00,3.304374252872506190e-01
-9.399334869649212942e-01,1.421806199659970960e-01
2.609992434517399151e-01,5.266508628478342446e-01
-1.274041368111141992e+00,-1.007262367477291809e-01
-3.085201387616029578e+00,8.088403866989318791e-01
-1.057826674939299050e+00,-4.979418927182724386e-01
-1.714012659840463693e+00,-8.754293853883576837e-01
2.042811764498004071e-02,3.175120790500773893e-01
-3.722571128502147886e+00,-1.546583042504619775e-02
-8.339299811464916112e-02,-4.110047992780259118e-01
-3.646983232785642182e-01,-2.494258852055909192e-01
1.319253175048203719e+00,2.178836632211718083e-01
9.249400699570687889e-01,1.450835198394515579e-01
3.654569040368079502e+00,7.146181284154482505e-01
-4.020443299061381148e-02,4.896720805082555583e-01
1.451713661696963031e+00,2.091113646532571924e-01
-1.778104091290195532e+00,-1.313201279741986305e+00
1.353410698604005091e+00,-1.644830036389301198e-01
-7.444032448948194602e-01,-6.643031794294663728e-01
7.197932390166200678e-01,-1.626823295262655455e-01
1.035548437395620268e-02,-6.792896230632505805e-01
1.381178378659461803e+00,-1.736733183796684010e-01
-7.583862510075487506e-01,-4.563282181616612476e-01
-2.570950450134465104e+00,-3.245465395592322388e-01
3.441279093262425981e+00,-1.134007552056327084e+00
4.032938572461682858e-01,5.681008701589692622e-01
1.406774550174428207e+00,-9.373229919234339347e-01
1.366993655872725366e+00,-8.642276254827964410e-02
-4.908366043069850582e-01,-2.007187611833681773e-01
-1.876080616370893628e+00,-5.738923266864921491e-01
-1.202772397533809629e-01,1.367707398410750175e-01
2.504219215191538339e+00,1.283034004980753151e-01
-3.804791550338816108e+00,7.739922668180624354e-01
-1.526402296579072004e+00,-5.112106651026597504e-02
2.720744746577742276e-02,3.417237244195873158e-01
-1.348344356095600105e+00,5.933897698461895187e-01
1.815388540512800963e+00,6.185877419166330160e-01
-2.266643423267359569e+00,2.212762557557966248e-01
-1.282500089589271086e+00,7.441025288652787228e-01
7.143923940607724843e-01,3.253685465906324681e-01
-2.310472377457902127e+00,1.310706998186091099e-01
-1.375604274887077594e+00,-2.980714316035968925e-01
1.325222846794174458e+00,-4.714097195668060514e-01
1.037434589826191411e+00,-3.410343754505338332e-01
-1.615767840061539118e-01,-4.868630805035995684e-02
1.933050730575046061e-01,4.718863902726293524e-01
-1.402647972763488182e+00,2.970838241426924653e-01
2.624143144813107398e+00,6.734983116960283622e-01
8.649587302725272320e-01,-8.609274632651767734e-01
-3.450128934710754880e+00,2.425025483996773312e-02
1.609982021515772521e+00,-7.342451769172219679e-03
-3.243618723495515863e-03,-1.639716653580973738e-01
1.468832065829174915e+00,6.962060849961633144e-03
1.846250206459754573e+00,1.815021941994456323e-01
-3.894297792520344803e-01,-1.319606783393012864e-02
1.930866369715327213e+00,-3.366261582252756809e-04
4.513962398562566536e-01,4.250182247442226002e-02
1.657877333961513378e+00,6.563403387557231738e-01
2.176089093144454978e+00,2.711818767333600347e-02
2.394821616812675025e+00,1.042820904972149965e+00
1.736423480645036932e+00,-4.171776521919455250e-01
3.611197496649110605e-01,3.604601956182753586e-01
-1.076999432851313554e-01,4.136770009164609796e-01
4.832896324851368441e-01,-1.098262847784554852e+00
-2.056751423591261840e+00,1.308129577426759838e-01
-8.835973197002408019e-01,-3.643281074809154862e-01
4.298341323101145584e+00,2.768479123431580313e-01
-1.892571697613765647e+00,-1.465674199990021631e-01
-1.316218109902788369e-01,-7.869690199092409522e-01
-4.666136081616757414e-01,-1.061595352477558984e+00
2.337244219241548127e+00,-4.831253164522111287e-01
-1.289705646742691503e+00,-3.235203597985782387e-01
5.121782290882457289e+00,3.414130973406208636e-01
-2.710737120078970275e+00,-1.273979804645683223e-01
-3.370440641230072476e+00,4.659319042041551451e-01
1.908159575718179957e+00,5.336077191034428457e-01
3.589202583465208374e+00,-3.939780575767850013e-01
-9.482217871892960614e-01,5.139200505915617612e-01
1.904110408726570336e+00,-2.018549919440590645e-01
3.037856965571295920e+00,6.792791710698264929e-01
3.331860178260412031e+00,3.480251288603142812e-01
3.562390574110509134e-02,-1.602192472725016276e-02
8.600833303609168867e-01,-7.053999677241595823e-02
-2.913305776240248335e+00,-5.114753195260550722e-01
-2.130950456738322174e+00,6.567576617331035704e-01
1.186115901146473250e+00,-6.464073552565516301e-02
-1.561633017699733506e+00,1.048186509286458845e+00
-1.613179742805283534e-01,1.347657125318036053e+00
-1.765107506371894175e+00,-2.247135585655354595e-01
-2.526105157613100172e+00,3.719872296398609476e-04
-1.936799794434245436e+00,-3.770708698203655840e-01
-1.450810621749350382e+00,2.243941945323955356e-01
-8.701717675482999459e-01,7.588202024854689975e-02
3.502450493240237606e+00,-2.462253211262181440e-01
-2.522519902582810669e+00,-9.097726643535984925e-01
-1.199648551299399735e+00,4.695614588191162064e-01
3.413914535879804646e+00,-5.640748297739419659e-01
-2.081133218641382024e-02,5.994202649004128913e-01
-4.723650825727599978e-01,-9.901887143517035250e-01
-1.445048280439012123e+00,4.466777179398124797e-01
1.518464422624803481e-02,-3.735069335561301829e-01
-4.714069414492411125e-02,-3.303522320219787756e-01
-6.603715932199909489e-01,3.125343601064499155e-01
1.249134279047876772e+00,-3.178359659116212765e-01
-1.087222264938252358e+00,4.592633721128633328e-02
1.208724808131943940e+00,-7.945577266429627583e-01
-2.375511216627865241e-01,-6.414613788740666234e-01
2.894226126415036404e+00,-4.955047636019380697e-01
4.251868834471677516e+00,7.899495257106379231e-01
7.018282369303827650e-01,-6.286768536491816883e-01
4.044928976538627041e-01,6.775370982097816963e-01
1.812138003292063981e+00,5.341644594899357390e-01
1.444952401253002394e+00,-2.029499052245922475e-01
1.528642057111446295e+00,9.160608406216849131e-01
8.956174276218379360e-01,-9.178510394912698933e-01
-3.396983700246493654e-01,4.984939888368595251e-01
-3.425549152165535127e-01,6.076212444185814798e-02
1.452735503176542098e+00,-2.550799483239752363e-01
2.328945698883216675e+00,5.378381433280477603e-02
2.732406946964309746e-01,9.035161272261241772e-01
2.461654892087242086e+00,3.736522488818260768e-01
3.842782405930117995e-01,-1.487530814096625631e-01
4.664767750379351652e-01,3.847673629721334865e-01
5.261589281715093325e-01,-6.562091468587338827e-01
1.162878197431038485e+00,4.301052115350966765e-01
-1.749515685546882082e+00,1.049319557893583221e+00
1.590760018180113589e+00,-2.895963943590005862e-01
-3.055124122582326684e+00,2.384542934105392809e-01
2.317492829560754419e+00,-4.567449229901538454e-01
-1.772063407472435514e+00,7.122673254389311204e-01
-9.761234797809202890e-01,7.947167496989966662e-02
8.422462650883824065e-01,-4.198251231341907364e-01
-1.890985927292493818e+00,5.066914957970882760e-01
3.510242701585759573e+00,2.076319820129619020e-01
5.108329521212336966e-01,1.549623869516948138e-01
3.343365244713440099e+00,-1.813354849858744497e-02
-2.729011400359988126e+00,1.509121061359239291e-01
-2.178509982881964735e+00,-6.360048922504319968e-01
-8.240138424055387656e-01,1.809736233891345303e-01
-1.145261409972503142e+00,-1.086155697268000042e-01
-1.390093463050793426e-02,8.785984428502637833e-01
4.048407444459011795e-01,1.938135459144587902e-01
8.628304293036056505e-01,-3.677628159404690011e-01
1.865231946305865085e+00,-1.365739019839667667e-01
-7.045923836717352673e-01,-4.484805301957649482e-01
-2.082544898272430167e+00,-4.137281234244784556e-01
-1.475017788019800546e+00,4.940092159910887126e-01
-1.072029105770474278e+00,-8.444565440339057982e-01
-4.346009749107863307e+00,2.201066054488378665e-01
-2.547895814307289397e-01,3.520911798344731336e-01
-1.316989727099930896e+00,4.888428314581294010e-01
-9.112119564407995531e-01,-7.069773329873154655e-01
-2.977179483683283667e+00,7.561061017484446145e-01
-5.410041843331978573e-01,6.975240407410192300e-02
-6.151913442784143760e-01,3.210506944853072642e-01
1.805550942009630067e+00,3.290684274103671814e-01
5.896354464260326056e-01,1.457690018124708012e-02
3.214642772437950047e-01,3.411698478494699649e-01
1.843342517362217325e+00,-4.565775602393818966e-01
2.239725470368314930e+00,3.032161358351301850e-01
-5.506521166239822795e-01,2.256835721955370022e-01
-1.985805693858796239e+00,-2.890883464437873918e-01
-1.174961626814991389e+00,3.309127104058322555e-01
4.012472911428126565e-01,-3.903401012666604664e-01
1.329954488679388591e+00,-1.380026964324977401e-01
-1.748465109125003192e+00,1.154472667128836338e+00
-1.741160686063272456e+00,-4.854096641253165534e-01
7.764612102739804067e-01,8.138100425982315311e-01
8.924840160550290280e-01,-4.470287974867709901e-01
-2.036578997774870725e+00,-8.352316439420615080e-01
2.163533043052136229e+00,1.388060465558913215e-01
-6.495930663037892128e-01,3.826066230726978268e-01
-4.821168928698576495e-01,-6.966155462979239932e-02
-2.552591981875659943e+00,-3.413626139762912515e-01
4.296443590837850657e-01,6.608324390721147523e-01
-2.065740608882063789e+00,-8.015106829219498241e-01
-7.614017949996808587e-01,9.256328115744361096e-02
-7.923461188650167131e-01,1.889773276193098539e-01
3.583348098037690832e+00,-5.581758689322309230e-01
1.840736781871893601e+00,8.174213326033133997e-01
3.827577360417436569e+00,5.043894037052158996e-01
7.845393758308685239e-01,-3.072914064644342858e-02
-2.010237450617267108e+00,-3.870567306680363640e-01
-4.190922595718543642e-01,1.252103871418420722e-01
1.759534273234642843e+00,-5.495168317852160422e-01
-1.309510603227767689e+00,5.731735586505896096e-01
4.575844412086796931e-01,-3.719817685679768227e-01
-2.065087450000037350e+00,-5.437219838475154665e-02
8.916482000797673058e-01,1.088234308806124567e-01
1.395365837597735581e+00,1.219284821253852069e-01
3.155290660071622622e+00,1.629860552296860665e-01
1.429814366308584273e+00,-1.355809121815401419e-01
-2.010261770923048363e+00,1.056771652709561637e+00
6.105559120989070276e-01,3.714619785487029840e-02
-7.481933993305218689e-01,-3.690064335670039108e-01
-1.332950775107412333e+00,-5.561732918291093508e-01
-2.905576560117763218e+00,1.037675908027115429e-01
-4.941375468406149912e-02,3.333004889441331664e-01
-1.708874599258469074e+00,-2.285480514165327548e-01
-3.319604068258625418e+00,-2.828416924861204551e-01
1.179940343379350720e+00,-7.720607882274294065e-01
-2.909832118474760421e+00,3.886015649770243607e-01
3.005302861394382741e-01,6.097180880549738502e-01
6.410155701469802736e+00,-3.319328483560997078e-01
-2.359200009418070731e+00,-5.625401617604043336e-01
2.117158468712546426e+00,-6.812525525645031221e-01
1.397582025555681895e+00,-3.685744751727464963e-01
-5.268131179487984816e-01,-3.682420147256131038e-02
-1.899458965522434983e+00,-2.709872209455314040e-01
2.993157235545877093e+00,-5.514671184841620777e-01
-2.928245130897165982e+00,3.732520778208718859e-01
-1.428747872253951501e+00,-2.816257617214704134e-01
-1.712214677777431637e+00,9.828525117994705296e-01
-1.170433306205820978e+00,-5.995330827650786620e-01
3.422241995901885492e+00,2.948934332000333614e-01
2.535183088229511772e-01,5.255273323065438873e-02
-2.234287390114551297e-01,1.922459498507051168e-01
-8.157183561735456001e-01,-2.545092849102629784e-01
5.074424768493691618e-01,-4.891790183982919898e-02
-2.301612839668205623e+00,-5.523434651912189075e-01
-3.429136306031684622e+00,-6.248417511148126602e-01
-1.395448338416190870e+00,1.568719810071572685e-01
-2.021562959691954042e-01,1.266292303685071230e-01
1.088076598518428417e+00,2.646678252785232277e-01
-1.160048054387350591e+00,1.731937989049180115e-02
-2.087305136872765310e+00,-1.873528632216213408e-01
1.130893746459982419e+00,-6.556674220904235018e-01
6.294212988394619401e+00,-1.184575876046426585e-01
-2.128625596900593220e-01,4.271585057865805446e-01
-3.559422008552203032e+00,1.585874135978713739e-01
-1.254048150934907957e+00,-3.561452380149238151e-01
-1.041033472397998150e+00,-6.230732558763097950e-01
-9.660636330032376096e-01,4.780343243161513378e-01
1.488626415477655396e+00,-6.539676764332653658e-01
1.423666748285480343e+00,5.403664657784846836e-01
-4.546538558368737881e-01,-7.472508787881314563e-01
1.905985701061823967e+00,1.013606845895183434e-01
3.602026601886758606e+00,-4.535172977787596538e-01
-1.147147221385341975e+00,-8.449409867183285128e-01
7.017308654985850991e-01,-1.770623415671143674e-01
7.709695912207457091e-01,9.366855578503302526e-02
-8.438880355935722832e-01,1.268039884276851992e-01
7.822597592436707492e-01,-6.923433953018834908e-01
7.055215857013368286e-01,-3.897528698327363816e-01
1.769497495812974774e+00,2.817522726046836068e-01
-7.507820910038114359e-01,6.635448385531446391e-02
-1.352806052508930545e-01,3.490586364383008178e-01
-2.602038235164326530e+00,-9.737730429477463590e-01
2.883236047227630827e+00,2.475119007856045605e-01
-4.689463207326671212e-01,-1.878703516995434697e-01
1.939981633537980921e+00,-1.208041283909666586e+00
-1.023052636992932030e+00,1.636994226920452863e-02
1.110817205608789493e+00,-3.943468742543202454e-01
1.755982499357529591e-01,-3.301049965280517529e-01
3.588901200156729754e+00,2.175670997551020780e-01
3.302002723208095514e+00,-2.395784937771437140e-01
-8.240517968781245761e-01,3.582073658147889583e-01
1.557635939142816950e+00,5.873339614099601924e-01
1.348058661537818281e+00,2.087014358155657168e-01
8.667165536718540730e-01,1.709230133630799953e-01
2.007500818685647115e+00,-1.417567492017650921e-01
2.516037164417984417e+00,-9.418796814957988706e-02
-3.946884403573623912e-01,7.563319400561095696e-02
9.817680808613172827e-01,-8.085335682701150217e-01
7.913120263439703539e-01,5.489362916276504523e-01
2.346502233970147344e+00,4.914013709835876598e-01
2.096697300010168519e+00,9.221917882896940588e-01
1.296662357203913318e+00,-4.704355868096362081e-01
-1.324440744165065409e+00,7.204645833275503675e-01
3.899564044901238091e+00,9.950874317037036731e-02
-1.103831109674169308e+00,-3.513029613344723634e-01
-9.982565813791325349e-01,-3.691398433508918941e-01
-1.248076774425448399e+00,5.009498447592332093e-01
1.845926454499851876e-01,1.598778504459942920e-02
1.160358736690376924e+00,-7.152860381281938018e-01
4.994031747476664895e-01,6.127709523632663968e-01
-1.427886230955134117e+00,3.699381783142917102e-01
1.294593583783627988e+00,7.189564535622801067e-01
1.116664321757553785e-01,3.287957366559262629e-01
-5.151271769314798910e+00,3.905395977522744255e-01
2.203343399355592869e+00,9.492108672073924780e-02
-5.975859522753024233e-01,5.915514777236421384e-01
-9.063224926756182631e-01,6.326070248458011136e-01
2.250176426903726323e+00,7.699840684123924195e-01
9.117307334930198071e-01,-1.046464554349400000e-01
1.896339649555805140e+00,4.265643000373860461e-01
-8.861504488644826871e-01,-5.507339871340884985e-01
-1.141087351984825693e+00,-1.295602367085955553e+00
9.761367935287181830e-01,1.840581062490544151e-01
6.110311969529514942e-01,-2.316706582686786087e-01
-6.185876674294416011e-01,1.379306525040361608e-01
-2.609349123532837211e+00,3.114942902218797299e-02
-3.146871810163049954e+00,2.563319013464420704e-01
4.464433317756683728e+00,-2.693198303435141439e-01
-3.193778299003119936e-01,-2.271322777228499123e-01
-2.880617701276497744e-01,-1.522230740316893038e-01
1.239152296126123876e+00,-9.520843483223580261e-02
1.856260740934123410e+00,1.253288250856540165e-01
-1.484054182903639330e+00,5.132282023719551001e-01
-1.057786123683629675e+00,9.173802721389855419e-01
2.902607124821697582e+00,3.438913193900095533e-01
6.652186822961798640e-01,-2.720370912860770041e-01
-2.527026714301442656e+00,5.161423108024364437e-01
-3.273235130744477139e+00,1.423566265032049916e-01
2.149110921750891023e+00,3.846875444167281999e-01
-1.267307142341868476e+00,-6.437191946053915093e-01
2.175794024667703219e+00,-5.587272828853749873e-01
1.684607337211358136e+00,2.136240265096175928e-01
1.544080184538656919e+00,5.192573970050651244e-01
5.454222104889679956e-01,-5.043213868681444279e-01
2.863361622799250661e+00,7.019980257539828461e-01
-2.191151469378903816e+00,-7.251428434480706731e-01
-8.609436160825175710e-01,6.500695635428060948e-01
2.181817339339596540e+00,6.406454048795919842e-01
3.375442550107850881e+00,7.457937260506086741e-02
8.121201879925303568e-02,-3.260219924845823569e-01
-3.138179059691909689e+00,2.874633734456384926e-01
4.656477454286136325e-02,2.591661446683843351e-01
3.153296340202432102e+00,-5.686177966131473749e-01
-3.278928354778652965e-01,-2.900849583007642507e-01
3.401278430192859470e-01,9.697343152905919805e-02
1.716736702936887404e+00,1.268143743653432187e+00
3.931687630323129845e+00,2.091790448460544294e-01
6.240490273659319298e-01,-6.522719941583645653e-01
4.502375933996552781e+00,8.861920936636046020e-02
1.231379506996324258e+00,-1.732910542130589038e-01
-2.237914552778891064e+00,-1.821225892908511501e-01
-2.991961210260396520e-01,-1.166325313253370854e+00
-7.211633957886967039e-01,-2.602634400662318798e-03
1.358410585503920132e+00,1.104922118378252743e-01
3.567235087985763387e-01,7.002067402825605802e-01
-2.864181872433976817e-01,2.441327141040421089e-01
4.988404522153369602e-01,-3.203839569101969986e-01
-1.111517642499272762e+00,-2.255409135216490113e-01
-3.883417310228344022e+00,-6.269953223794968444e-01
-3.534783492287483231e+00,-6.899294507970085144e-01
-3.179791860495720379e-01,2.120769884758230694e-01
1.809647588502729665e+00,-9.986269061089485533e-01
-1.352811731385487937e+00,1.503241538212920281e+00
-3.183991696336102795e+00,6.320066735146939729e-01
1.510133766867831406e+00,-1.613271236181987311e-01
-1.061134717713841713e+00,6.976525745499146947e-01
-1.316782982597695106e-01,6.708174461214363449e-01
-1.002931296865437139e+00,1.507653709645109252e-01
3.467707359387966481e-01,1.518371725658067828e-01
-1.679322235386754514e+00,1.203643949677708630e-01
8.138868118463853385e-01,-3.190900497942759650e-01
3.218658026036548492e+00,-5.155689572754545980e-01
-2.834697817609491466e+00,4.217328496359329937e-01
-2.702415589415740893e+00,1.014920648716165913e-01
-3.638216332604943259e-01,-1.048078102237344211e+00
-9.320973272161696688e-01,2.849664063229869967e-02
-1.393950435096817708e+00,8.487011651487759434e-02
2.231643807683675318e-01,6.320897687879414306e-01
-1.452906331497812786e+00,3.048507153538790315e-01
8.715666576022010892e-01,-3.535282995581508492e-01
-1.180806403766442025e-01,-2.237887458230312931e-01
-4.959308344780881672e-01,-2.419573462316917389e-01
2.476624978737356653e+00,-5.303694432558640759e-02
3.117979212550735513e-01,-1.057752251932316589e+00
1.127508762888054017e+00,-5.756096689353250584e-01
4.089937444024844382e+00,5.832718216359614738e-01
6.910262186681022101e-01,2.786708401479096597e-01
-1.436485563978154578e-01,-3.530457851564613447e-01
-3.145323999999524167e-01,-5.567692552893032110e-01
2.703266961899130294e+00,6.806063589204051911e-02
-1.477589247697338459e+00,4.330839027045733924e-02
3.968487261647091202e+00,-9.172084179846611007e-02
2.158277613468920997e+00,2.265378915117680914e-01
-2.563643807584676804e+00,6.646237257926196178e-03
1.982559053473908817e+00,-3.979667376296628922e-01
1.260720492681784322e+00,6.136647405827739821e-01
2.063277584564498834e+00,8.153518633263117099e-01
-6.570629085746982900e-01,3.147584211653480235e-01
5.555236515708709133e-01,-1.797744265872084080e-01
-3.294695916364606125e-01,-9.946166572631572056e-02
-1.395798428747549780e+00,-2.575443765688081171e-02
1.761983063483750112e+00,-1.776001804535950745e-01
-8.881167486421903678e-01,-1.026109922646779582e-01
1.484544124528311748e+00,-5.051152942962978676e-01
1.822073153039537541e+00,7.535586469957490374e-01
2.774524737608227820e+00,-2.590701398698913582e-01
5.065129458629106241e-01,-7.073712157823583424e-02
1.510564391919566818e+00,-3.885736540509844850e-01
1.149792141703912085e+00,-9.397355247060537042e-01
-6.720178703417363231e-01,1.730980034990183339e-02
5.154399869721809857e+00,2.430923174943407650e-01
-1.180818616815181521e+00,5.930932885274392552e-01
-1.397500560601566688e+00,4.537506869010505817e-01
-1.148810643629460282e+00,-1.356060864381919973e-01
1.741002811353352442e+00,5.564954078665476089e-01
-8.740276531643417224e-01,3.048452284951416735e-02
-1.396350134116116193e+00,-1.398673693086695535e-01
2.036573461359414861e+00,7.010904157659550440e-02
-3.460332487629298459e+00,2.589126068812562798e-01
-2.604392848732453025e+00,8.701662691432945906e-02
-6.929757904995816897e-01,4.059665070731078296e-01
2.409030808872206553e+00,8.743504606568462956e-01
1.476155152626146272e+00,1.517101522525163282e-01
2.490712308877128578e+00,5.745122902783846019e-02
1.789685031992704900e+00,-3.887779833291792331e-01
-3.044094318327216886e+00,3.534175134505457977e-02
-7.199629548427788350e-01,-6.308671353703274587e-01
-7.996289318122726808e-01,-7.993950008592298762e-02
-1.646479737302610546e+00,1.561629217375611403e-02
2.181094436476656018e+00,-4.259508432254585086e-01
2.682181353145960401e+00,3.172531981485178509e-02
-2.360854968659231279e+00,5.161297700953350054e-01
6.519159084417324168e-01,-1.280625451012623595e-01
-1.165065800012114794e+00,-6.787285453525455925e-02
-3.142015238515832642e+00,-2.365323277875554242e-01
-3.863473289807082711e+00,6.643622974175389384e-01
3.275348104529487880e+00,1.754650580420181738e-01
1.945332670923340723e+00,9.467789100081350773e-01
2.586952124419432675e+00,1.732319783942775498e-02
2.562024122726448638e+00,-3.070736427174417527e-01
-1.648241495386753019e+00,-2.356620263708991414e-01
-1.209790019604510602e+00,6.670782187564028298e-01
2.336915169360413547e+00,1.834285918086507594e-01
-2.906392803526568258e+00,1.941584701246901190e-01
-2.655749653658740161e+00,-9.652854426877471861e-01
2.551739450213784455e+00,4.609179395293156595e-02
1.928826383266128708e-01,7.295292285912784169e-02
-1.425324207595303205e+00,3.627876201874993267e-01
-3.368556368291365732e+00,1.556318652470844444e-01
1.959197949479912104e+00,-4.333948750592768184e-01
2.181610358374899583e+00,2.378304519082534152e-01
8.222461815570086818e-01,8.145722304157811122e-02
4.861277162884065639e-01,-1.563713895048034208e-02
4.252335847049357742e-01,-1.589584394739251005e-01
9.091277886057104185e-01,6.504904127056536645e-01
-1.464412804706145987e+00,4.271086026033626415e-01
-4.446779422905229318e+00,1.997218112527911482e-01
-1.459267205765773401e+00,-2.404345506167593072e-01
-1.371954870804993121e+00,-6.836016780637736989e-01
1.416594150768756055e+00,-3.218628233270247607e-01
1.916719916318564199e+00,-4.791024443687865592e-02
2.237661077973051249e+00,-4.573930338348481534e-02
3.178309357039937333e-01,1.049177281146682489e-01
-1.511998805651750377e+00,1.989370299297063549e-01
3.019967223821655278e+00,-6.543931187551372819e-01
-1.249961428015995690e-01,5.127700484353946431e-01
-1.100046803807722240e+00,9.332723071574086093e-01
3.996846819548688923e-01,-7.655438646056442753e-01
-3.028214280005947241e-03,-5.005560329443493606e-01
3.754401753988925172e-01,-7.649206909128405396e-01
-4.859480349395221555e-01,3.249186157085183768e-01
-2.599699925826652436e+00,2.789946372807017849e-01
-1.630093167867931347e+00,-1.181911842761399212e-01
1.433562090048129956e-01,-6.917565158640093248e-01
-4.715317536109185914e-01,-7.430178286188140468e-01
-4.879017808226584485e+00,-3.094190987086027911e-01
3.086131097800692835e+00,-3.211612712646635948e-01
-8.993586330292255848e-01,8.293645884567216742e-01
-4.013666509396768278e-01,1.510131189458208401e-01
-3.502675048538022917e+00,-2.673362965769418564e-01
3.317839930698889273e-01,1.036531856499355753e+00
4.261321655709006118e-01,7.017611586469449936e-01
-2.237069513013561384e+00,-7.282268317887469200e-01
-4.072099508623386876e-01,2.022391453933387595e-01
1.968858723088125373e+00,-1.497980368519553074e-01
1.135897299735927790e+00,1.002463984738175551e-01
2.754744484637985380e+00,4.145892605798783270e-01
-2.480874654090052811e+00,-5.716510753366204067e-01
1.875261236185794544e+00,1.517651382621697242e-01
2.164370729054163611e-01,4.731260568962938895e-01
4.250973057715792258e+00,5.180688196375841104e-01
2.729050307998744263e+00,-1.196507920647172929e-01
2.342762938971427289e+00,4.285769454582160076e-01
1.274969847203105022e+00,-5.094943064760993900e-01
-1.091936637669998378e+00,-3.335286519406977512e-01
-1.976483049846326501e-01,2.813168099897617735e-01
-7.629069256453017145e-01,-7.417331736630704553e-01
-3.249049339592308350e+00,1.444247634624101773e-01
-8.850480265897772147e-01,9.061072734976015342e-02
-2.601552227408939766e-01,-5.732336719169820460e-01
6.727240488685639619e-01,-4.782803877577747054e-01
4.337042205451857591e+00,3.448439664422688899e-01
3.600331291934676381e-01,-2.210020365039234158e-01
-2.770374370275445308e+00,1.834791333988725071e-01
1.339835769486062089e+00,4.569286291879818829e-01
-2.019472233976755238e+00,-4.861626364914711784e-01
-7.186058911118484716e-01,1.754406946164921155e-01
-1.387392805074773694e+00,7.991264269943373910e-02
-6.789788393024147606e-01,-7.734646821213848888e-02
-3.449077915445768472e-01,-1.131084863280148456e+00
5.599923958669975610e-01,-7.807285120955599345e-01
-8.203816508697965304e-01,-4.569240333224274669e-02
1.392846380918288496e+00,2.012893229877220636e-01
2.477965888966502106e-01,-1.626372025082718498e-01
